word,length
retain,6
that,4
they,4
with,4
not,3
she,3
this,4
you,3
but,3
from,4
which,5
would,5
will,4
there,5
utter,5
forge,4
when,4
more,4
man,3
other,5
what,4
epoch,5
about,5
than,4
into,4
could,5
state,5
only,4
novel,4
year,4
some,4
grasp,5
come,4
these,5
know,4
like,4
then,4
first,5
exert,5
such,4
cede,4
over,4
think,5
most,4
even,4
find,4
also,4
after,5
many,4
must,4
look,4
before,6
grand,5
back,4
through,7
long,4
where,5
much,4
should,6
well,4
humans,6
down,4
just,4
because,7
good,4
each,4
those,5
feel,4
appear,6
high,4
place,5
little,6
world,5
very,4
inert,5
nation,6
hand,4
life,4
tell,4
write,5
become,6
here,4
evoke,5
house,5
both,4
between,7
need,4
mean,4
call,4
expand,6
under,5
right,5
steer,5
thing,5
general,7
school,6
never,5
alike,5
other,7
begin,5
while,5
number,6
part,4
turn,4
valid,5
depart,6
might,5
quest,5
point,5
form,4
child,5
small,5
since,5
against,7
probe,5
home,4
interest,8
ample,5
person,6
unbar,5
public,6
pursue,6
during,6
present,7
without,7
again,5
clasp,5
govern,6
around,6
viable,6
head,4
weigh,5
word,4
agenda,6
problem,7
however,7
usher,5
system,6
order,5
plan,4
abide,5
face,4
fact,4
group,5
enact,5
stand,5
magnify,7
early,5
course,6
alter,5
avail,5
line,4
bliss,5
joust,5
haven,5
chore,5
lucid,5
amber,5
grove,5
caper,5
humid,5
crave,5
ethos,5
auras,5
ionic,5
barge,5
jelly,5
inlet,5
irony,5
asset,5
canon,5
ember,5
ivory,5
exalt,5
chasm,5
elder,5
jaunt,5
adopt,5
dazed,5
flare,5
boast,5
hinge,5
idiom,5
cameo,5
dally,5
chant,5
linen,5
grace,5
inure,5
brisk,5
leery,5
flute,5
crest,5
feast,5
cloak,5
lapse,5
fable,5
denim,5
dread,5
dwell,5
liken,5